alg,fid,run,fbest,suite,dim,nfe,time_sec,hit,err
CMAES,1,0,5806.279826297263,eng,4,10265,1.403996229171753,0,253.4341737027371
CMAES,1,1,5803.987874489902,eng,4,10601,1.2903261184692385,0,255.72612551009752
CMAES,1,2,5814.757690742191,eng,4,10129,1.433269739151001,0,244.95630925780915
CMAES,1,3,5815.131069469073,eng,4,10025,1.4002971649169922,0,244.58293053092711
CMAES,1,4,5807.997225143607,eng,4,10377,1.298121213912964,0,251.71677485639336
CMAES,1,5,5813.319141542137,eng,4,10353,1.5212125778198242,0,246.3948584578629
CMAES,1,6,5806.477736780643,eng,4,10585,1.993741512298584,0,253.2362632193572
CMAES,1,7,5804.481717321885,eng,4,10137,1.5387797355651855,0,255.23228267811464
CMAES,1,8,5808.051405024336,eng,4,10649,1.400033950805664,0,251.66259497566352
CMAES,1,9,5805.211954733943,eng,4,10497,1.5005550384521484,0,254.5020452660574
CMAES,1,10,5804.18393856218,eng,4,10313,1.273768186569214,0,255.53006143782025
CMAES,1,11,5813.651167754705,eng,4,10017,1.172748327255249,0,246.06283224529489
CMAES,1,12,5806.448434585438,eng,4,10529,1.158220291137695,0,253.26556541456196
CMAES,1,13,5810.70774872942,eng,4,10153,1.2888739109039309,0,249.00625127057992
CMAES,1,14,5810.991346749935,eng,4,10289,1.4688055515289309,0,248.72265325006535
CMAES,1,15,5805.452462537203,eng,4,10321,1.2069721221923828,0,254.2615374627967
CMAES,1,16,5806.314295746849,eng,4,10233,1.3310904502868652,0,253.39970425315096
CMAES,1,17,5810.086135557417,eng,4,10817,1.709346055984497,0,249.6278644425829
CMAES,1,18,5809.076796974908,eng,4,10321,1.2664530277252195,0,250.63720302509228
CMAES,1,19,5805.53933951737,eng,4,10241,1.243438720703125,0,254.17466048263032
CMAES,1,20,5803.252211551925,eng,4,10577,1.574392795562744,0,256.4617884480749
CMAES,1,21,5804.914516677119,eng,4,10321,1.5520594120025637,0,254.7994833228813
CMAES,1,22,5806.921142006806,eng,4,10193,1.553386688232422,0,252.79285799319405
CMAES,1,23,5803.651924453555,eng,4,10705,1.31390380859375,0,256.0620755464452
CMAES,1,24,5805.8624113153255,eng,4,10057,1.2830157279968262,0,253.85158868467445
CMAES,1,25,5804.132301780105,eng,4,10641,1.3299827575683594,0,255.5816982198949
CMAES,1,26,5804.62269927681,eng,4,10249,1.3158237934112549,0,255.09130072319024
CMAES,1,27,5806.04802944292,eng,4,10537,1.3735439777374268,0,253.66597055708007
CMAES,1,28,5808.307749372092,eng,4,10377,1.3162171840667725,0,251.40625062790787
CMAES,1,29,5806.2957959931855,eng,4,10449,1.5127840042114258,0,253.41820400681445
GWO,1,0,5824.838500906417,eng,4,16020,1.5362675189971924,0,234.87549909358316
GWO,1,1,6063.083082925698,eng,4,16020,1.6734647750854492,0,3.3690829256984216
GWO,1,2,6218.969334960913,eng,4,16020,1.5571069717407229,0,159.2553349609134
GWO,1,3,5811.560263240935,eng,4,16020,1.5311508178710938,0,248.1537367590654
GWO,1,4,5828.011598446453,eng,4,16020,1.6117348670959473,0,231.70240155354716
GWO,1,5,5898.327242095932,eng,4,16020,2.101278305053711,0,161.38675790406796
GWO,1,6,5863.189267868151,eng,4,16020,1.8724935054779053,0,196.5247321318493
GWO,1,7,6472.802171593688,eng,4,16020,1.8745174407958984,0,413.08817159368846
GWO,1,8,6320.49757701716,eng,4,16020,1.7754034996032717,0,260.7835770171605
GWO,1,9,5839.001024675462,eng,4,16020,1.704974889755249,0,220.7129753245381
GWO,1,10,5812.514104467238,eng,4,16020,1.5428283214569092,0,247.19989553276173
GWO,1,11,5834.178260913791,eng,4,16020,1.5409142971038818,0,225.5357390862091
GWO,1,12,5817.422720813613,eng,4,16020,1.49039626121521,0,242.29127918638733
GWO,1,13,6100.178638408606,eng,4,16020,1.7323462963104248,0,40.46463840860633
GWO,1,14,6360.983725111456,eng,4,16020,1.6919968128204346,0,301.26972511145595
GWO,1,15,5834.539913024984,eng,4,16020,1.534104585647583,0,225.1740869750156
GWO,1,16,5815.288608695894,eng,4,16020,1.7791728973388672,0,244.4253913041057
GWO,1,17,5823.370802233631,eng,4,16020,1.7206037044525146,0,236.34319776636855
GWO,1,18,5811.563645822895,eng,4,16020,1.799328088760376,0,248.15035417710533
GWO,1,19,5807.55052551445,eng,4,16020,1.6227648258209229,0,252.16347448555007
GWO,1,20,5821.357791489895,eng,4,16020,1.7424252033233645,0,238.3562085101048
GWO,1,21,7304.935272208574,eng,4,16020,1.6964333057403564,0,1245.2212722085742
GWO,1,22,5833.005270688516,eng,4,16020,1.894324541091919,0,226.7087293114837
GWO,1,23,5833.38324726143,eng,4,16020,1.6957619190216064,0,226.3307527385696
GWO,1,24,6648.495768294134,eng,4,16020,1.9631524085998533,0,588.781768294134
GWO,1,25,5848.722141982214,eng,4,16020,1.7800955772399902,0,210.9918580177855
GWO,1,26,5824.656278102131,eng,4,16020,1.899957656860352,0,235.0577218978688
GWO,1,27,5848.396459307978,eng,4,16020,1.4536962509155271,0,211.3175406920218
GWO,1,28,5894.62519575044,eng,4,16020,1.4538803100585938,0,165.08880424955987
GWO,1,29,5844.684008401114,eng,4,16020,1.5199172496795654,0,215.02999159888623
JADE,1,0,5802.685851248933,eng,4,15540,0.4395086765289306,0,257.0281487510665
JADE,1,1,5802.685851248933,eng,4,16050,0.4407529830932617,0,257.0281487510665
JADE,1,2,5802.6858512489325,eng,4,16050,0.5062177181243896,0,257.0281487510674
JADE,1,3,5802.685851248933,eng,4,16050,0.4650568962097168,0,257.0281487510665
JADE,1,4,5802.685851248933,eng,4,16050,0.4908175468444824,0,257.0281487510665
JADE,1,5,5802.685851248936,eng,4,16050,0.5922696590423584,0,257.0281487510638
JADE,1,6,5802.685851248933,eng,4,16050,0.5145134925842285,0,257.0281487510665
JADE,1,7,5802.685851248933,eng,4,16050,0.5453274250030518,0,257.0281487510665
JADE,1,8,5802.685851248933,eng,4,16050,0.5122194290161133,0,257.0281487510665
JADE,1,9,5802.685851248933,eng,4,16050,0.5235147476196289,0,257.0281487510665
JADE,1,10,5802.685851248933,eng,4,16050,0.4609248638153076,0,257.0281487510665
JADE,1,11,5802.685851248933,eng,4,16050,0.4758384227752685,0,257.0281487510665
JADE,1,12,5802.685851248945,eng,4,16050,0.4797432422637939,0,257.0281487510547
JADE,1,13,5802.685851248933,eng,4,16050,0.4427337646484375,0,257.0281487510665
JADE,1,14,5802.685851248933,eng,4,16050,0.4476175308227539,0,257.0281487510665
JADE,1,15,5802.685851248933,eng,4,16050,0.578132152557373,0,257.0281487510665
JADE,1,16,5802.685851248934,eng,4,16050,0.4996058940887451,0,257.0281487510656
JADE,1,17,5802.685851248933,eng,4,16050,0.4920284748077392,0,257.0281487510665
JADE,1,18,5802.685851248933,eng,4,16050,0.4914531707763672,0,257.0281487510665
JADE,1,19,5802.685851248933,eng,4,16050,0.4787807464599609,0,257.0281487510665
JADE,1,20,5802.685851248933,eng,4,16050,0.4914801120758056,0,257.0281487510665
JADE,1,21,5802.685851251514,eng,4,16050,0.461306095123291,0,257.0281487484863
JADE,1,22,5802.685851248933,eng,4,16050,0.5702955722808838,0,257.0281487510665
JADE,1,23,5802.685851248933,eng,4,15540,0.465989351272583,0,257.0281487510665
JADE,1,24,5802.685851248933,eng,4,16050,0.5227127075195312,0,257.0281487510665
JADE,1,25,5802.685851248933,eng,4,16050,0.4769761562347412,0,257.0281487510665
JADE,1,26,5802.685851248933,eng,4,16050,0.4596235752105713,0,257.0281487510665
JADE,1,27,5802.685851248934,eng,4,16050,0.51882004737854,0,257.0281487510656
JADE,1,28,5802.685851248933,eng,4,16050,0.4260103702545166,0,257.0281487510665
JADE,1,29,5802.685851248935,eng,4,16050,0.4766483306884765,0,257.0281487510647
LBFGSB,1,0,321229.5850281798,eng,4,495,0.0232431888580322,0,315169.8710281798
LBFGSB,1,1,321229.58502818,eng,4,410,0.0172488689422607,0,315169.87102818
LBFGSB,1,2,172548.7223152537,eng,4,395,0.0165727138519287,0,166489.00831525368
LBFGSB,1,3,52306.85979830086,eng,4,305,0.0146741867065429,0,46247.14579830086
LBFGSB,1,4,1018561.51583313,eng,4,335,0.0158090591430664,0,1012501.80183313
LBFGSB,1,5,2330214.9778673085,eng,4,220,0.0103495121002197,0,2324155.2638673084
LBFGSB,1,6,1540315.1045402405,eng,4,370,0.0296070575714111,0,1534255.3905402406
LBFGSB,1,7,775676.8328072417,eng,4,400,0.0174407958984375,0,769617.1188072417
LBFGSB,1,8,818119.0599303956,eng,4,385,0.0269906520843505,0,812059.3459303955
LBFGSB,1,9,1325961.5067270831,eng,4,355,0.0169017314910888,0,1319901.7927270832
LBFGSB,1,10,1141938.1546647986,eng,4,370,0.0195517539978027,0,1135878.4406647987
LBFGSB,1,11,215869.65727944253,eng,4,270,0.0114901065826416,0,209809.9432794425
LBFGSB,1,12,321229.5850281799,eng,4,615,0.0255093574523925,0,315169.87102817994
LBFGSB,1,13,1111578.2876055425,eng,4,375,0.0192875862121582,0,1105518.5736055423
LBFGSB,1,14,999982.108661952,eng,4,225,0.011625051498413,0,993922.394661952
LBFGSB,1,15,4515762.844685814,eng,4,340,0.015012502670288,0,4509703.130685815
LBFGSB,1,16,321229.58502817946,eng,4,765,0.0370094776153564,0,315169.8710281795
LBFGSB,1,17,1892540.582363617,eng,4,330,0.0164308547973632,0,1886480.8683636168
LBFGSB,1,18,2383718.622924877,eng,4,105,0.0060744285583496,0,2377658.9089248767
LBFGSB,1,19,6959.381498538505,eng,4,545,0.0345129966735839,0,899.6674985385052
LBFGSB,1,20,321229.58502817986,eng,4,595,0.0265643596649169,0,315169.8710281799
LBFGSB,1,21,1327973.8162830167,eng,4,375,0.0190484523773193,0,1321914.1022830168
LBFGSB,1,22,321229.58502818,eng,4,450,0.0329623222351074,0,315169.87102818
LBFGSB,1,23,321737.172069906,eng,4,555,0.0302700996398925,0,315677.458069906
LBFGSB,1,24,355676.1430606408,eng,4,365,0.0254569053649902,0,349616.4290606408
LBFGSB,1,25,317313.1417568212,eng,4,360,0.0168159008026123,0,311253.4277568212
LBFGSB,1,26,321229.58502818,eng,4,590,0.0265820026397705,0,315169.87102818
LBFGSB,1,27,321229.58502818,eng,4,525,0.0226070880889892,0,315169.87102818
LBFGSB,1,28,1465436.6298794255,eng,4,355,0.0148775577545166,0,1459376.9158794258
LBFGSB,1,29,164574.43696327563,eng,4,220,0.0101914405822753,0,158514.72296327562
LSHADE,1,0,5802.685851248933,eng,4,15260,0.4161088466644287,0,257.0281487510665
LSHADE,1,1,5802.685851248933,eng,4,16020,0.4321377277374267,0,257.0281487510665
LSHADE,1,2,5802.685851248934,eng,4,9260,0.2941842079162597,0,257.0281487510656
LSHADE,1,3,5802.685851248933,eng,4,13160,0.392916202545166,0,257.0281487510665
LSHADE,1,4,5802.685851248933,eng,4,14900,0.4613757133483886,0,257.0281487510665
LSHADE,1,5,5802.685851248933,eng,4,16020,0.5330791473388672,0,257.0281487510665
LSHADE,1,6,5802.685851248933,eng,4,12360,0.4473121166229248,0,257.0281487510665
LSHADE,1,7,5802.685851248933,eng,4,15740,0.5183007717132568,0,257.0281487510665
LSHADE,1,8,5802.6858512489325,eng,4,13080,0.4338746070861816,0,257.0281487510674
LSHADE,1,9,5802.685851248933,eng,4,16020,0.6001486778259277,0,257.0281487510665
LSHADE,1,10,5802.685851248933,eng,4,11860,0.4037220478057861,0,257.0281487510665
LSHADE,1,11,5802.685851248933,eng,4,12140,0.3748636245727539,0,257.0281487510665
LSHADE,1,12,5802.685851248933,eng,4,13760,0.4137217998504638,0,257.0281487510665
LSHADE,1,13,5802.685851248933,eng,4,13900,0.3774952888488769,0,257.0281487510665
LSHADE,1,14,5802.685851248933,eng,4,15860,0.4475400447845459,0,257.0281487510665
LSHADE,1,15,5802.685851248933,eng,4,13920,0.4433033466339111,0,257.0281487510665
LSHADE,1,16,5802.685851248933,eng,4,13880,0.4335973262786865,0,257.0281487510665
LSHADE,1,17,5802.685851248933,eng,4,12420,0.3776841163635254,0,257.0281487510665
LSHADE,1,18,5802.685851248933,eng,4,13060,0.4157519340515136,0,257.0281487510665
LSHADE,1,19,5802.685851248933,eng,4,13180,0.3923735618591308,0,257.0281487510665
LSHADE,1,20,5802.685851248933,eng,4,14840,0.4438626766204834,0,257.0281487510665
LSHADE,1,21,5802.685851248934,eng,4,11280,0.3540780544281006,0,257.0281487510656
LSHADE,1,22,5802.685851248933,eng,4,12340,0.3934752941131592,0,257.0281487510665
LSHADE,1,23,5802.685851248933,eng,4,14860,0.4381992816925049,0,257.0281487510665
LSHADE,1,24,5802.685851248933,eng,4,16020,0.4678339958190918,0,257.0281487510665
LSHADE,1,25,5802.685851248933,eng,4,13520,0.4134957790374756,0,257.0281487510665
LSHADE,1,26,5802.685851250427,eng,4,16020,0.5301821231842041,0,257.0281487495731
LSHADE,1,27,5802.685851248933,eng,4,11140,0.3470914363861084,0,257.0281487510665
LSHADE,1,28,5802.685851248933,eng,4,15460,0.4712607860565185,0,257.0281487510665
LSHADE,1,29,5802.685851248933,eng,4,13900,0.4126720428466797,0,257.0281487510665
MealpyGA,1,0,8907.707089547825,eng,4,16020,2.0165159702301025,0,2847.9930895478246
MealpyGA,1,1,8449.648929980862,eng,4,16020,2.148149251937866,0,2389.934929980862
MealpyGA,1,2,8494.952924675958,eng,4,16020,2.1101949214935303,0,2435.2389246759576
MealpyGA,1,3,8829.358891969478,eng,4,16020,2.221268892288208,0,2769.6448919694776
MealpyGA,1,4,7710.703387785193,eng,4,16020,2.394437313079834,0,1650.9893877851928
MealpyGA,1,5,14173.241166137925,eng,4,16020,3.0574252605438232,0,8113.527166137923
MealpyGA,1,6,11609.173739695892,eng,4,16020,3.1610822677612305,0,5549.4597396958925
MealpyGA,1,7,8747.347782635825,eng,4,16020,2.4412765502929688,0,2687.633782635825
MealpyGA,1,8,8585.520743178702,eng,4,16020,3.164163112640381,0,2525.806743178702
MealpyGA,1,9,14870.563229208215,eng,4,16020,2.493171215057373,0,8810.849229208216
MealpyGA,1,10,11614.61116819298,eng,4,16020,2.8123786449432373,0,5554.89716819298
MealpyGA,1,11,8088.896705187657,eng,4,16020,2.468561172485352,0,2029.182705187657
MealpyGA,1,12,10003.656920505606,eng,4,16020,2.029008150100708,0,3943.942920505606
MealpyGA,1,13,12770.048529814709,eng,4,16020,2.331678867340088,0,6710.334529814707
MealpyGA,1,14,7119.707400868313,eng,4,16020,2.218669414520264,0,1059.993400868313
MealpyGA,1,15,7730.028685240692,eng,4,16020,2.1397109031677246,0,1670.3146852406926
MealpyGA,1,16,9825.907706791842,eng,4,16020,2.359975576400757,0,3766.1937067918425
MealpyGA,1,17,12379.77722646924,eng,4,16020,2.40939736366272,0,6320.063226469241
MealpyGA,1,18,12628.846728649216,eng,4,16020,2.4676294326782227,0,6569.132728649216
MealpyGA,1,19,11352.283679450911,eng,4,16020,2.307167053222656,0,5292.569679450913
MealpyGA,1,20,8787.561684594286,eng,4,16020,2.4940826892852783,0,2727.847684594286
MealpyGA,1,21,10675.985048948787,eng,4,16020,2.5233399868011475,0,4616.271048948789
MealpyGA,1,22,9208.31926811592,eng,4,16020,2.438153028488159,0,3148.60526811592
MealpyGA,1,23,8839.158311254325,eng,4,16020,2.510791540145874,0,2779.444311254325
MealpyGA,1,24,10351.003532679755,eng,4,16020,2.507399797439575,0,4291.289532679755
MealpyGA,1,25,11815.93541099626,eng,4,16020,2.4317495822906494,0,5756.221410996259
MealpyGA,1,26,8191.119372113279,eng,4,16020,2.5991005897521973,0,2131.405372113278
MealpyGA,1,27,14688.3982232085,eng,4,16020,2.047302007675171,0,8628.6842232085
MealpyGA,1,28,9010.189932910778,eng,4,16020,2.011931896209717,0,2950.4759329107783
MealpyGA,1,29,12796.959508774966,eng,4,16020,1.9964745044708248,0,6737.245508774966
NLSHADE-RSP,1,0,5937.442855193908,eng,4,16003,0.4070630073547363,0,122.2711448060918
NLSHADE-RSP,1,1,5806.129699263851,eng,4,16003,0.4263877868652344,0,253.5843007361491
NLSHADE-RSP,1,2,6000.408195871559,eng,4,16003,0.5095856189727783,0,59.3058041284412
NLSHADE-RSP,1,3,5802.6858512489325,eng,4,16003,0.4601469039916992,0,257.0281487510674
NLSHADE-RSP,1,4,5873.4123331422325,eng,4,16003,0.4433505535125732,0,186.3016668577675
NLSHADE-RSP,1,5,5980.552310692189,eng,4,16003,0.4557478427886963,0,79.16168930781078
NLSHADE-RSP,1,6,5966.763768825672,eng,4,16003,0.6021304130554199,0,92.95023117432812
NLSHADE-RSP,1,7,6096.853156584127,eng,4,16003,0.4939916133880615,0,37.1391565841268
NLSHADE-RSP,1,8,6117.319022751218,eng,4,16003,0.5296008586883545,0,57.6050227512178
NLSHADE-RSP,1,9,5881.217254587999,eng,4,16003,0.5013031959533691,0,178.49674541200147
NLSHADE-RSP,1,10,5918.566420874503,eng,4,16003,0.4932551383972168,0,141.14757912549703
NLSHADE-RSP,1,11,5859.612191965997,eng,4,16003,0.4458386898040771,0,200.10180803400272
NLSHADE-RSP,1,12,5853.271365837327,eng,4,16003,0.5517971515655518,0,206.44263416267316
NLSHADE-RSP,1,13,5889.62500953307,eng,4,16003,0.429546594619751,0,170.08899046693023
NLSHADE-RSP,1,14,5848.892619559292,eng,4,16003,0.4406325817108154,0,210.8213804407078
NLSHADE-RSP,1,15,5949.892297519608,eng,4,16003,0.494687557220459,0,109.82170248039164
NLSHADE-RSP,1,16,5843.545076871175,eng,4,16003,0.515458345413208,0,216.16892312882464
NLSHADE-RSP,1,17,5823.230060298484,eng,4,16003,0.4698476791381836,0,236.4839397015157
NLSHADE-RSP,1,18,5912.891652723223,eng,4,16003,0.4907395839691162,0,146.82234727677678
NLSHADE-RSP,1,19,6086.703556255298,eng,4,16003,0.4714469909667969,0,26.98955625529834
NLSHADE-RSP,1,20,5848.098285009411,eng,4,16003,0.4551286697387695,0,211.61571499058937
NLSHADE-RSP,1,21,6071.191555448432,eng,4,16003,0.4650304317474365,0,11.477555448432213
NLSHADE-RSP,1,22,5966.566205593304,eng,4,16003,0.5318491458892822,0,93.14779440669554
NLSHADE-RSP,1,23,5979.774133276706,eng,4,16003,0.4953405857086181,0,79.93986672329356
NLSHADE-RSP,1,24,5802.6858514438745,eng,4,16003,0.4575905799865722,0,257.0281485561254
NLSHADE-RSP,1,25,6085.181918969018,eng,4,16003,0.475844144821167,0,25.467918969017774
NLSHADE-RSP,1,26,5940.06751898161,eng,4,16003,0.4585611820220947,0,119.64648101838976
NLSHADE-RSP,1,27,5844.45210435528,eng,4,16003,0.4949190616607666,0,215.26189564472045
NLSHADE-RSP,1,28,5916.400334935094,eng,4,16003,0.4236834049224853,0,143.31366506490576
NLSHADE-RSP,1,29,5857.81532522924,eng,4,16003,0.4783236980438232,0,201.8986747707604
PSO,1,0,5827.432236428836,eng,4,16020,1.3816516399383545,0,232.28176357116357
PSO,1,1,6100.960912798179,eng,4,16020,1.3116447925567627,0,41.24691279817944
PSO,1,2,5815.564409088132,eng,4,16020,1.3665876388549805,0,244.14959091186847
PSO,1,3,5827.17409230028,eng,4,16020,1.3264286518096924,0,232.5399076997201
PSO,1,4,6071.804570055486,eng,4,16020,1.3479979038238523,0,12.09057005548584
PSO,1,5,6003.75995672612,eng,4,16020,1.6363401412963867,0,55.95404327387951
PSO,1,6,5833.024453709697,eng,4,16020,2.3450777530670166,0,226.68954629030304
PSO,1,7,5956.708624253347,eng,4,16020,1.568070888519287,0,103.00537574665304
PSO,1,8,5851.4774823600965,eng,4,16020,1.3867254257202148,0,208.23651763990347
PSO,1,9,5890.433555004737,eng,4,16020,1.4538934230804443,0,169.28044499526277
PSO,1,10,5901.622548694656,eng,4,16020,1.4134724140167236,0,158.09145130534398
PSO,1,11,5840.350609010206,eng,4,16020,1.3836138248443604,0,219.36339098979352
PSO,1,12,5868.322982185577,eng,4,16020,1.2481753826141355,0,191.3910178144233
PSO,1,13,6005.6071635256285,eng,4,16020,1.7631261348724363,0,54.10683647437145
PSO,1,14,5823.736738172924,eng,4,16020,1.3826477527618408,0,235.9772618270763
PSO,1,15,6066.394350874913,eng,4,16020,1.321711778640747,0,6.68035087491262
PSO,1,16,6092.275658802483,eng,4,16020,1.4550468921661377,0,32.56165880248318
PSO,1,17,5881.327715277547,eng,4,16020,1.568469524383545,0,178.38628472245273
PSO,1,18,5863.074160358247,eng,4,16020,1.5232350826263428,0,196.6398396417526
PSO,1,19,6014.013223105024,eng,4,16020,1.4817960262298584,0,45.70077689497612
PSO,1,20,5944.305557428103,eng,4,16020,1.443980693817139,0,115.40844257189656
PSO,1,21,5827.862885362611,eng,4,16020,1.5452489852905271,0,231.8511146373885
PSO,1,22,5851.320626406171,eng,4,16020,1.4392404556274414,0,208.39337359382895
PSO,1,23,5819.951669450118,eng,4,16020,1.676191806793213,0,239.76233054988188
PSO,1,24,5935.367508015334,eng,4,16020,1.4742908477783203,0,124.3464919846656
PSO,1,25,5803.106509084772,eng,4,16020,1.4969072341918943,0,256.6074909152276
PSO,1,26,5833.897360091568,eng,4,16020,1.3650429248809814,0,225.81663990843208
PSO,1,27,5908.590965597289,eng,4,16020,1.272294998168945,0,151.1230344027108
PSO,1,28,5851.42687213893,eng,4,16020,1.1863138675689695,0,208.28712786107008
PSO,1,29,7297.496821695612,eng,4,16020,1.3252184391021729,0,1237.7828216956125
Spiral-LSHADE,1,0,5802.685851248933,eng,4,16000,1.2082898616790771,0,257.0281487510665
Spiral-LSHADE,1,1,5802.685851248935,eng,4,16000,1.1718575954437256,0,257.0281487510647
Spiral-LSHADE,1,2,5802.685851248933,eng,4,16000,1.2737936973571775,0,257.0281487510665
Spiral-LSHADE,1,3,5802.685851248934,eng,4,16000,1.260467529296875,0,257.0281487510656
Spiral-LSHADE,1,4,5802.685851248933,eng,4,16000,1.2774598598480225,0,257.0281487510665
Spiral-LSHADE,1,5,5802.685851248933,eng,4,16003,1.3458497524261477,0,257.0281487510665
Spiral-LSHADE,1,6,5808.21695360981,eng,4,16000,1.4415388107299805,0,251.49704639019
Spiral-LSHADE,1,7,5802.685851248935,eng,4,16000,1.3800275325775146,0,257.0281487510647
Spiral-LSHADE,1,8,5802.685851248934,eng,4,16000,1.4683594703674316,0,257.0281487510656
Spiral-LSHADE,1,9,5802.685851248934,eng,4,16000,1.385281324386597,0,257.0281487510656
Spiral-LSHADE,1,10,5802.685851248934,eng,4,16000,1.345386981964111,0,257.0281487510656
Spiral-LSHADE,1,11,5802.685851248934,eng,4,16004,1.2135117053985596,0,257.0281487510656
Spiral-LSHADE,1,12,5846.435114654262,eng,4,16000,1.1796998977661133,0,213.27888534573776
Spiral-LSHADE,1,13,5802.685851248934,eng,4,16004,1.3229413032531738,0,257.0281487510656
Spiral-LSHADE,1,14,5802.685851248934,eng,4,16000,1.347562551498413,0,257.0281487510656
Spiral-LSHADE,1,15,5802.685851248934,eng,4,16000,1.2640676498413086,0,257.0281487510656
Spiral-LSHADE,1,16,5802.685851248934,eng,4,16001,1.413776159286499,0,257.0281487510656
Spiral-LSHADE,1,17,5802.685851248934,eng,4,16003,1.3207764625549316,0,257.0281487510656
Spiral-LSHADE,1,18,5802.685851248933,eng,4,16000,1.375586986541748,0,257.0281487510665
Spiral-LSHADE,1,19,5802.685851248934,eng,4,16005,1.044416904449463,0,257.0281487510656
Spiral-LSHADE,1,20,5802.68585124894,eng,4,16000,1.1690540313720703,0,257.02814875106014
Spiral-LSHADE,1,21,5802.685851248934,eng,4,16000,1.2175536155700684,0,257.0281487510656
Spiral-LSHADE,1,22,5802.685851248934,eng,4,16000,1.3851230144500732,0,257.0281487510656
Spiral-LSHADE,1,23,5802.685851248934,eng,4,16000,1.3977248668670654,0,257.0281487510656
Spiral-LSHADE,1,24,5802.685851248933,eng,4,16000,1.297377109527588,0,257.0281487510665
Spiral-LSHADE,1,25,5802.685851248934,eng,4,16000,1.3573484420776367,0,257.0281487510656
Spiral-LSHADE,1,26,5809.706623929072,eng,4,16000,1.2501025199890137,0,250.00737607092836
Spiral-LSHADE,1,27,5802.685851248933,eng,4,16000,1.381617307662964,0,257.0281487510665
Spiral-LSHADE,1,28,5802.685851248933,eng,4,16000,1.1531598567962646,0,257.0281487510665
Spiral-LSHADE,1,29,5802.685851248934,eng,4,16000,1.1810202598571775,0,257.0281487510656
SSA,1,0,6212.373893934152,eng,4,30420,2.9657962322235107,0,152.65989393415202
SSA,1,1,8032.049771449866,eng,4,30420,3.214989185333252,0,1972.335771449866
SSA,1,2,6189.055666123319,eng,4,30420,3.176582098007202,0,129.34166612331865
SSA,1,3,7143.084824997498,eng,4,30420,3.2859654426574707,0,1083.370824997498
SSA,1,4,6056.618598584384,eng,4,30420,3.784232378005981,0,3.0954014156159246
SSA,1,5,6082.509344289653,eng,4,30420,4.084091424942017,0,22.795344289653254
SSA,1,6,6619.157686716984,eng,4,30420,3.9900927543640137,0,559.4436867169843
SSA,1,7,7442.903687436866,eng,4,30420,3.667363166809082,0,1383.1896874368658
SSA,1,8,7260.099466461639,eng,4,30420,4.103712558746338,0,1200.3854664616392
SSA,1,9,6964.913140748082,eng,4,30420,3.614370107650757,0,905.1991407480818
SSA,1,10,6548.466752029526,eng,4,30420,3.6199777126312256,0,488.75275202952616
SSA,1,11,8527.582035039557,eng,4,30420,3.520572662353516,0,2467.868035039557
SSA,1,12,5946.708580148185,eng,4,30420,3.1520121097564697,0,113.00541985181462
SSA,1,13,7277.947461659271,eng,4,30420,3.330570936203003,0,1218.2334616592716
SSA,1,14,7480.747521912713,eng,4,30420,3.377025604248047,0,1421.0335219127128
SSA,1,15,7011.743418664925,eng,4,30420,3.4584884643554688,0,952.0294186649252
SSA,1,16,8310.802755971012,eng,4,30420,3.4378674030303955,0,2251.088755971012
SSA,1,17,6640.78836660557,eng,4,30420,3.467069625854492,0,581.0743666055705
SSA,1,18,7515.419391940217,eng,4,30420,3.5273308753967285,0,1455.705391940217
SSA,1,19,7205.320859437066,eng,4,30420,3.4560327529907227,0,1145.6068594370663
SSA,1,20,6656.25001155943,eng,4,30420,3.656017303466797,0,596.5360115594303
SSA,1,21,6901.731983518179,eng,4,30420,3.81044340133667,0,842.0179835181789
SSA,1,22,7126.679285948409,eng,4,30420,4.027333974838257,0,1066.9652859484097
SSA,1,23,6708.96116885608,eng,4,30420,3.665714263916016,0,649.24716885608
SSA,1,24,7328.721957870619,eng,4,30420,3.67742919921875,0,1269.007957870619
SSA,1,25,6871.5955023230335,eng,4,30420,3.883937120437622,0,811.8815023230336
SSA,1,26,6851.174991236391,eng,4,30420,3.4886391162872314,0,791.4609912363912
SSA,1,27,6145.382388203025,eng,4,30420,3.15669584274292,0,85.66838820302473
SSA,1,28,5928.753144539789,eng,4,30420,2.9409520626068115,0,130.96085546021095
SSA,1,29,7761.0204890667055,eng,4,30420,2.9743902683258057,0,1701.3064890667056
SciPyDE,1,0,5831.717421237551,eng,4,5880,0.2545948028564453,0,227.99657876244876
SciPyDE,1,1,5832.379431463239,eng,4,5280,0.2586829662322998,0,227.33456853676125
SciPyDE,1,2,5832.381592818992,eng,4,5880,0.2707159519195556,0,227.3324071810084
SciPyDE,1,3,5836.868235190352,eng,4,4740,0.2120809555053711,0,222.84576480964824
SciPyDE,1,4,5816.711704997889,eng,4,5280,0.2525572776794433,0,243.0022950021112
SciPyDE,1,5,5821.170053210634,eng,4,5580,0.3792734146118164,0,238.5439467893657
SciPyDE,1,6,5817.158627658213,eng,4,6540,0.5046336650848389,0,242.555372341787
SciPyDE,1,7,5820.731019347992,eng,4,6180,0.2945590019226074,0,238.98298065200837
SciPyDE,1,8,5816.471402673417,eng,4,6060,0.2964465618133545,0,243.24259732658265
SciPyDE,1,9,5826.302969419313,eng,4,5460,0.2748124599456787,0,233.4110305806871
SciPyDE,1,10,5819.284059284493,eng,4,6420,0.2943165302276611,0,240.42994071550677
SciPyDE,1,11,5832.655238139169,eng,4,5640,0.2512085437774658,0,227.0587618608306
SciPyDE,1,12,5821.376640991426,eng,4,5100,0.2183828353881836,0,238.3373590085739
SciPyDE,1,13,5821.219231925631,eng,4,5940,0.3028004169464111,0,238.49476807436892
SciPyDE,1,14,5883.114225252174,eng,4,5580,0.2642049789428711,0,176.5997747478259
SciPyDE,1,15,5817.022233674106,eng,4,6600,0.2917499542236328,0,242.6917663258937
SciPyDE,1,16,5825.115961208589,eng,4,5940,0.2946934700012207,0,234.59803879141052
SciPyDE,1,17,5837.891781258863,eng,4,6780,0.3509509563446045,0,221.82221874113748
SciPyDE,1,18,5814.231708631058,eng,4,5460,0.2980480194091797,0,245.48229136894224
SciPyDE,1,19,5852.663809658304,eng,4,5160,0.2438704967498779,0,207.05019034169615
SciPyDE,1,20,5809.926297602663,eng,4,6120,0.2833459377288818,0,249.78770239733691
SciPyDE,1,21,5835.024573947276,eng,4,5820,0.3158943653106689,0,224.68942605272423
SciPyDE,1,22,5851.086304447142,eng,4,5280,0.2880008220672607,0,208.6276955528583
SciPyDE,1,23,5840.545363590784,eng,4,5460,0.2694759368896484,0,219.16863640921565
SciPyDE,1,24,5942.065065168717,eng,4,5100,0.2280397415161132,0,117.64893483128252
SciPyDE,1,25,5823.765531558412,eng,4,5280,0.2436525821685791,0,235.9484684415884
SciPyDE,1,26,5962.901728899174,eng,4,6120,0.3065381050109863,0,96.81227110082637
SciPyDE,1,27,5822.861674224013,eng,4,6300,0.3187716007232666,0,236.85232577598708
SciPyDE,1,28,5828.046551728038,eng,4,4800,0.1965382099151611,0,231.6674482719618
SciPyDE,1,29,5861.420010971635,eng,4,6180,0.2797751426696777,0,198.2939890283651
jSO,1,0,5802.685851248933,eng,4,14607,0.4213452339172363,0,257.0281487510665
jSO,1,1,5802.685851248933,eng,4,14358,0.3932812213897705,0,257.0281487510665
jSO,1,2,5802.685851248933,eng,4,15096,0.445343017578125,0,257.0281487510665
jSO,1,3,5802.685851248933,eng,4,14194,0.4379904270172119,0,257.0281487510665
jSO,1,4,5802.685851248933,eng,4,14117,0.4410104751586914,0,257.0281487510665
jSO,1,5,5802.685851248933,eng,4,14358,0.5239431858062744,0,257.0281487510665
jSO,1,6,5802.685851248933,eng,4,15096,0.5417404174804688,0,257.0281487510665
jSO,1,7,5802.685851248933,eng,4,14117,0.589331865310669,0,257.0281487510665
jSO,1,8,5802.685851248934,eng,4,12905,0.4235751628875732,0,257.0281487510656
jSO,1,9,5802.685851248934,eng,4,12401,0.4170944690704345,0,257.0281487510656
jSO,1,10,5802.685851248934,eng,4,12581,0.4001457691192627,0,257.0281487510656
jSO,1,11,5802.685851248933,eng,4,14607,0.3986682891845703,0,257.0281487510665
jSO,1,12,5802.685851248933,eng,4,14849,0.4737527370452881,0,257.0281487510665
jSO,1,13,5802.685851248933,eng,4,14260,0.3989067077636719,0,257.0281487510665
jSO,1,14,5802.685851248933,eng,4,14117,0.4141407012939453,0,257.0281487510665
jSO,1,15,5802.685851248933,eng,4,13620,0.4342648983001709,0,257.0281487510665
jSO,1,16,5802.6858512489325,eng,4,16069,0.5994861125946045,0,257.0281487510674
jSO,1,17,5802.685851248933,eng,4,14117,0.4358477592468261,0,257.0281487510665
jSO,1,18,5802.685851248933,eng,4,14607,0.4556379318237304,0,257.0281487510665
jSO,1,19,5802.685851248933,eng,4,14438,0.43593430519104,0,257.0281487510665
jSO,1,20,5802.685851248933,eng,4,13866,0.3997731208801269,0,257.0281487510665
jSO,1,21,5802.685851248933,eng,4,14358,0.4711151123046875,0,257.0281487510665
jSO,1,22,5802.685851248933,eng,4,14358,0.4968540668487549,0,257.0281487510665
jSO,1,23,5802.685851248933,eng,4,14117,0.4688119888305664,0,257.0281487510665
jSO,1,24,5802.685851248933,eng,4,14849,0.4850678443908691,0,257.0281487510665
jSO,1,25,5802.685851248933,eng,4,13802,0.4389822483062744,0,257.0281487510665
jSO,1,26,5802.685851248933,eng,4,14607,0.4494340419769287,0,257.0281487510665
jSO,1,27,5802.685851248933,eng,4,14358,0.4253427982330322,0,257.0281487510665
jSO,1,28,5802.685851248933,eng,4,14117,0.3788766860961914,0,257.0281487510665
jSO,1,29,5802.685851248933,eng,4,14128,0.4178357124328613,0,257.0281487510665
